threads,image_count,task_count,successful_tasks,total_time_seconds
6,3,18,18,0.381860
6,3,18,18,0.175807
6,3,18,18,0.232464
6,3,18,18,0.264960
6,3,18,18,0.241677
6,3,18,18,0.159720
6,3,18,18,0.293227
6,3,18,18,0.196560
6,3,18,18,0.422494
6,3,18,18,0.441219
